{"cameraMode":{"drawMode":0,"name":"Shaded","section":"Shading Mode"},"sceneLighting":false,"audioPlay":false,"sceneViewState":{"showFog":true,"showMaterialUpdate":false,"showSkybox":false,"showFlares":true,"showImageEffects":true,"showParticleSystems":true},"in2DMode":false,"pivot":{"x":1.3053889274597169,"y":1.9249926805496216,"z":5.82829475402832},"rotation":{"x":-0.02843908965587616,"y":0.9715284705162048,"z":-0.16028006374835969,"w":-0.17256128787994386},"size":0.10210933536291123,"orthographic":true}