{"cameraMode":{"drawMode":0,"name":"Shaded","section":"Shading Mode"},"sceneLighting":false,"audioPlay":false,"sceneViewState":{"showFog":true,"showMaterialUpdate":false,"showSkybox":false,"showFlares":true,"showImageEffects":true,"showParticleSystems":true},"in2DMode":false,"pivot":{"x":-0.274399995803833,"y":0.8100000023841858,"z":-0.4480000138282776},"rotation":{"x":0.06111269071698189,"y":-0.42236757278442385,"z":0.028546856716275216,"w":0.9039524793624878},"size":0.23476406931877137,"orthographic":true}