{"cameraMode":{"drawMode":0,"name":"Shaded","section":"Shading Mode"},"sceneLighting":false,"audioPlay":false,"sceneViewState":{"showFog":true,"showMaterialUpdate":false,"showSkybox":false,"showFlares":true,"showImageEffects":true,"showParticleSystems":true},"in2DMode":false,"pivot":{"x":-0.7261579036712647,"y":0.4229999780654907,"z":0.5741250514984131},"rotation":{"x":0.46283021569252016,"y":0.2991718351840973,"z":-0.16947077214717866,"w":0.8170465230941773},"size":1.1348007917404175,"orthographic":true}