{"cameraMode":{"drawMode":0,"name":"Shaded","section":"Shading Mode"},"sceneLighting":true,"audioPlay":false,"sceneViewState":{"showFog":true,"showMaterialUpdate":false,"showSkybox":false,"showFlares":true,"showImageEffects":true,"showParticleSystems":true},"in2DMode":false,"pivot":{"x":0.2099590301513672,"y":0.15000009536743165,"z":1.9180002212524415},"rotation":{"x":-0.08317746967077255,"y":-0.6050402522087097,"z":0.06377092003822327,"w":-0.7893038988113403},"size":12.12435531616211,"orthographic":true}