{"cameraMode":{"drawMode":0,"name":"Shaded","section":"Shading Mode"},"sceneLighting":false,"audioPlay":false,"sceneViewState":{"showFog":true,"showMaterialUpdate":false,"showSkybox":false,"showFlares":true,"showImageEffects":true,"showParticleSystems":true},"in2DMode":false,"pivot":{"x":-1.190000057220459,"y":-0.6100000143051148,"z":-4.980000019073486},"rotation":{"x":0.2757188677787781,"y":-0.08636721968650818,"z":0.02487945184111595,"w":0.9570376873016357},"size":0.9866026639938355,"orthographic":false}