{"cameraMode":{"drawMode":0,"name":"Shaded","section":"Shading Mode"},"sceneLighting":true,"audioPlay":false,"sceneViewState":{"showFog":true,"showMaterialUpdate":false,"showSkybox":false,"showFlares":true,"showImageEffects":true,"showParticleSystems":true},"in2DMode":false,"pivot":{"x":1.2790658473968506,"y":1.3592314720153809,"z":-3.6793627738952638},"rotation":{"x":0.047717683017253879,"y":-0.7094048857688904,"z":0.7017550468444824,"w":0.04775255173444748},"size":16.275075912475587,"orthographic":true}