{"cameraMode":{"drawMode":0,"name":"Shaded","section":"Shading Mode"},"sceneLighting":false,"audioPlay":false,"sceneViewState":{"showFog":true,"showMaterialUpdate":false,"showSkybox":false,"showFlares":true,"showImageEffects":true,"showParticleSystems":true},"in2DMode":false,"pivot":{"x":-0.28440433740615847,"y":2.068462371826172,"z":1.0975592136383057},"rotation":{"x":-0.12388896942138672,"y":0.06842786073684693,"z":-0.008600096218287945,"w":-0.989967942237854},"size":1.5544493198394776,"orthographic":false}