{"cameraMode":{"drawMode":0,"name":"Shaded","section":"Shading Mode"},"sceneLighting":false,"audioPlay":false,"sceneViewState":{"showFog":true,"showMaterialUpdate":false,"showSkybox":false,"showFlares":true,"showImageEffects":true,"showParticleSystems":true},"in2DMode":false,"pivot":{"x":-0.7261579036712647,"y":0.4309999942779541,"z":0.6574779152870178},"rotation":{"x":0.23127467930316926,"y":0.26786836981773379,"z":-0.06640628725290299,"w":0.9329409599304199},"size":1.815373420715332,"orthographic":true}