{"cameraMode":{"drawMode":0,"name":"Shaded","section":"Shading Mode"},"sceneLighting":true,"audioPlay":false,"sceneViewState":{"showFog":true,"showMaterialUpdate":false,"showSkybox":false,"showFlares":true,"showImageEffects":true,"showParticleSystems":true},"in2DMode":false,"pivot":{"x":-0.1392533779144287,"y":3.271602153778076,"z":8.247386932373047},"rotation":{"x":0.065955251455307,"y":-0.7874666452407837,"z":0.08526880294084549,"w":0.6070073246955872},"size":16.29115867614746,"orthographic":true}