{"cameraMode":{"drawMode":0,"name":"Shaded","section":"Shading Mode"},"sceneLighting":true,"audioPlay":false,"sceneViewState":{"showFog":true,"showMaterialUpdate":false,"showSkybox":true,"showFlares":true,"showImageEffects":true,"showParticleSystems":true},"in2DMode":false,"pivot":{"x":2.8418664932250978,"y":1.1211764812469483,"z":-2.045525074005127},"rotation":{"x":-0.03186512365937233,"y":-0.6769464612007141,"z":0.029601195827126504,"w":-0.7349417209625244},"size":3.5208053588867189,"orthographic":true}